{
  "android-instant": {
    "REMOTE_SERVER_ROOT": "",
    "host": "",
    "pathPattern": "",
    "recordPath": "",
    "scheme": "https",
    "skipRecord": false
  },
  "appBundle": false,
  "baidugame": {
    "REMOTE_SERVER_ROOT": "",
    "appid": "testappid",
    "orientation": "portrait",
    "subContext": ""
  },
  "encryptJs": true,
  "excludeScenes": [],
  "fb-instant-games": {},
  "includeSDKBox": false,
  "inlineSpriteFrames": true,
  "inlineSpriteFrames_native": true,
  "md5Cache": true,
  "mergeStartScene": false,
  "optimizeHotUpdate": false,
  "orientation": {
    "landscapeLeft": true,
    "landscapeRight": true,
    "portrait": false,
    "upsideDown": false
  },
  "packageName": "org.cocos2d.helloworld",
  "qqplay": {
    "REMOTE_SERVER_ROOT": "",
    "orientation": "portrait",
    "zip": false
  },
  "startScene": "38cfecc2-c0d6-4683-aa56-ee4d583eea6d",
  "title": "ball",
  "webOrientation": "landscape",
  "wechatgame": {
    "REMOTE_SERVER_ROOT": "",
    "appid": "wxf66ef66c1987aa5c",
    "orientation": "portrait",
    "separate_engine": false,
    "subContext": ""
  },
  "xxteaKey": "e915aad5-b8a9-4c",
  "zipCompressJs": true
}